{
  "samples": {
    "H1": {
      "total": 6945,
      "insolvent": 271,
      "healthy": 6674,
      "insolvency_rate_pct": 3.9
    },
    "H2": {
      "total": 10083,
      "insolvent": 398,
      "healthy": 9685,
      "insolvency_rate_pct": 3.95
    },
    "H3": {
      "total": 10416,
      "insolvent": 493,
      "healthy": 9923,
      "insolvency_rate_pct": 4.73
    },
    "H4": {
      "total": 9710,
      "insolvent": 513,
      "healthy": 9197,
      "insolvency_rate_pct": 5.28
    },
    "H5": {
      "total": 5850,
      "insolvent": 408,
      "healthy": 5442,
      "insolvency_rate_pct": 6.97
    },
    "TOTAL": {
      "total": 43004,
      "insolvent": 2083,
      "healthy": 40921,
      "insolvency_rate_pct": 4.84
    }
  },
  "skewness_H1": {
    "count_extreme_abs_gt2": 35,
    "abs_mean": 3.1357108952268424,
    "abs_max": 9.235976121296485,
    "note": "computed from parquet (fallback)"
  },
  "univariate": {
    "horizons": [
      1,
      2,
      3,
      4,
      5
    ],
    "total": [
      64,
      64,
      64,
      64,
      64
    ],
    "sig_p05": [
      53,
      52,
      54,
      58,
      57
    ],
    "sig_fdr_q05": [
      53,
      50,
      54,
      58,
      57
    ],
    "lost_after_fdr": [
      0,
      2,
      0,
      0,
      0
    ],
    "parametric": [
      0,
      0,
      1,
      0,
      0
    ],
    "nonparametric": [
      64,
      64,
      63,
      64,
      64
    ]
  },
  "top5_H1": [
    [
      "A24",
      0.4555326778919572
    ],
    [
      "A13",
      0.4257812715975526
    ],
    [
      "A26",
      0.4196524044952766
    ],
    [
      "A16",
      0.4107092898918201
    ],
    [
      "A23",
      0.3954056441972871
    ]
  ],
  "correlation": {
    "overview": {
      "Horizon": [
        1,
        2,
        3,
        4,
        5
      ],
      "High_Correlations": [
        113,
        115,
        119,
        113,
        120
      ],
      "Economically_Plausible": [
        42,
        41,
        40,
        43,
        41
      ],
      "Economically_Implausible": [
        22,
        23,
        24,
        21,
        23
      ]
    },
    "avg_high_correlations": 116.0
  },
  "economic_H1": {
    "plausible": 42,
    "total": 64
  }
}