{
  "mean_auc": 0.9333861244000903,
  "std_auc": 0.020137163166473158,
  "ci_lower": 0.8933014293209868,
  "ci_upper": 0.9632396970653323,
  "n_bootstrap": 100
}