horizon,auc,type
1,0.783284023668639,within
2,0.7283567774936062,within
3,0.7412890140162868,within
