train_horizon,test_horizon,auc,type
1,2,0.7011475493707152,cross
1,3,0.7231213009390468,cross
1,4,0.7394587930689845,cross
1,5,0.7783467849223946,cross
