{
  "total_observations": 43405,
  "horizons": 5,
  "observations_per_horizon": {
    "1": 7027,
    "2": 10173,
    "3": 10503,
    "4": 9792,
    "5": 5910
  },
  "temporal_validation_auc": 0.7689693076713445,
  "within_horizon_avg_auc": 0.7509766050595107,
  "cross_horizon_avg_auc": 0.7355186070752853,
  "clustered_bootstrap_mean_auc": 0.7541032725825931,
  "clustered_bootstrap_std_auc": 0.03982369094204418,
  "clustered_bootstrap_ci_lower": 0.6548871760978613,
  "clustered_bootstrap_ci_upper": 0.8138045450990651
}