model,train_horizon,eval_horizon,n_samples,bankruptcy_rate,roc_auc,pr_auc,brier,recall_1pct_fpr,recall_5pct_fpr
Logistic Regression,1,1,7027,0.03856553294435748,0.9223011279846368,0.3249302594540775,0.11023105679380057,0.13653136531365315,0.6236162361623616
Logistic Regression,1,2,10173,0.03931976801336872,0.8074012585695283,0.12713472850939725,0.21321915204161013,0.04,0.2025
Logistic Regression,1,3,10503,0.04712939160239932,0.8135909454254777,0.15691873435737272,0.17538802566716533,0.03232323232323232,0.22626262626262628
Logistic Regression,2,1,7027,0.03856553294435748,0.8908080066591074,0.27829138130093733,0.12698923814957197,0.11808118081180811,0.5608856088560885
Logistic Regression,2,2,10173,0.03931976801336872,0.838567737644531,0.16553247837072474,0.1620594480072749,0.07,0.345
Logistic Regression,2,3,10503,0.04712939160239932,0.8292349958417105,0.18845334788469156,0.15042769585540228,0.06262626262626263,0.32323232323232326
Logistic Regression,3,1,7027,0.03856553294435748,0.8734835128102614,0.22865640330142223,0.17547154504690793,0.1070110701107011,0.5018450184501845
Logistic Regression,3,2,10173,0.03931976801336872,0.7937148265629798,0.12140556789693986,0.2299001054174822,0.035,0.2175
Logistic Regression,3,3,10503,0.04712939160239932,0.8667835428626796,0.24231197430301643,0.14569212822275227,0.09696969696969697,0.4121212121212121
