{
  "results": [
    {
      "model": "XGBoost",
      "auc": 0.9416838842975207,
      "pr_auc": 0.4470034064076342
    },
    {
      "model": "LightGBM",
      "auc": 0.9554235537190082,
      "pr_auc": 0.5008357205753845
    },
    {
      "model": "CatBoost",
      "auc": 0.9363292011019283,
      "pr_auc": 0.46641178939733957
    }
  ]
}