,Polish,American,Taiwan
Polish,0.7045668527769615,0.5531039622643281,0.8861742137238424
American,0.35427090055563365,0.6754041137737808,0.7478736447671135
Taiwan,0.3705420479362069,0.5902716925820121,0.9318353994490358
