{
  "logistic": {
    "before": 0.030261383267818055,
    "after": 0.027602820869774024,
    "improvement_pct": 8.785330050894672
  },
  "random_forest": {
    "before": 0.02232397360703812,
    "after": 0.022073992715235274,
    "improvement_pct": 1.1197867198876963
  }
}