category,feature_count,avg_correlation,significant_features
Equity,1,0.09373409168554588,1
Valuation,1,0.06491058166162092,1
Profitability,4,0.06395247711616125,4
Revenue,2,0.03735877049171331,2
Assets,4,0.037181393271161205,4
Expenses,3,0.023173118876451865,2
Liabilities,3,0.014233295322246028,0
