Horizon,Total_Samples,Bankruptcies,Bankruptcy_Rate,Healthy
1,7027,271,0.03856553294435748,6756
2,10173,400,0.03931976801336872,9773
3,10503,495,0.04712939160239932,10008
4,9792,515,0.052593954248366014,9277
5,5910,410,0.06937394247038917,5500
